,Communication,CustomerDiscretionary,CustomerStaples,Energy,Finance,Healthcare,Industrial,Materials,IT,RealEstate,Utilities,All
Positive Trades,222.0,258.0,288.0,212.0,258.0,281.0,261.0,243.0,265.0,304.0,284.0,2876.0
Negative Trades,215.0,206.0,214.0,201.0,221.0,229.0,255.0,176.0,208.0,230.0,224.0,2379.0
Total Trades,437.0,464.0,502.0,413.0,479.0,510.0,516.0,419.0,473.0,534.0,508.0,5255.0
Negative Trades Portion,0.4919908466819222,0.44396551724137934,0.4262948207171315,0.48668280871670705,0.4613778705636743,0.44901960784313727,0.4941860465116279,0.4200477326968974,0.4397463002114165,0.4307116104868914,0.4409448818897638,0.4527117031398668
