,Communication,CustomerDiscretionary,CustomerStaples,Energy,Finance,Healthcare,Industrial,Materials,IT,RealEstate,Utilities,All
Positive Trades,151.0,166.0,177.0,134.0,157.0,161.0,169.0,143.0,162.0,198.0,252.0,1870.0
Negative Trades,160.0,130.0,149.0,150.0,125.0,148.0,178.0,121.0,135.0,136.0,148.0,1580.0
Total Trades,311.0,296.0,326.0,284.0,282.0,309.0,347.0,264.0,297.0,334.0,400.0,3450.0
Positive Trades Portion,0.4855305466237942,0.5608108108108109,0.5429447852760736,0.47183098591549294,0.5567375886524822,0.5210355987055016,0.48703170028818443,0.5416666666666666,0.5454545454545454,0.592814371257485,0.63,0.5420289855072464
