,Communication,CustomerDiscretionary,CustomerStaples,Energy,Finance,Healthcare,Industrial,Materials,IT,RealEstate,Utilities,All
Positive Trades,146.0,161.0,160.0,138.0,154.0,151.0,172.0,143.0,172.0,190.0,233.0,1820.0
Negative Trades,165.0,135.0,166.0,146.0,128.0,158.0,175.0,121.0,125.0,144.0,167.0,1630.0
Total Trades,311.0,296.0,326.0,284.0,282.0,309.0,347.0,264.0,297.0,334.0,400.0,3450.0
Positive Trades Portion,0.4694533762057878,0.543918918918919,0.49079754601226994,0.4859154929577465,0.5460992907801419,0.4886731391585761,0.4956772334293948,0.5416666666666666,0.5791245791245792,0.5688622754491018,0.5825,0.527536231884058
