,Communication,CustomerDiscretionary,CustomerStaples,Energy,Finance,Healthcare,Industrial,Materials,IT,RealEstate,Utilities,All
Positive Trades,158.0,136.0,152.0,128.0,155.0,144.0,179.0,142.0,143.0,179.0,209.0,1725.0
Negative Trades,153.0,160.0,174.0,156.0,127.0,165.0,168.0,122.0,154.0,155.0,191.0,1725.0
Total Trades,311.0,296.0,326.0,284.0,282.0,309.0,347.0,264.0,297.0,334.0,400.0,3450.0
Positive Trades Portion,0.5080385852090032,0.4594594594594595,0.4662576687116564,0.4507042253521127,0.549645390070922,0.46601941747572817,0.515850144092219,0.5378787878787878,0.48148148148148145,0.5359281437125748,0.5225,0.5
