,Communication,CustomerDiscretionary,CustomerStaples,Energy,Finance,Healthcare,Industrial,Materials,IT,RealEstate,Utilities,All
Positive Trades,158.0,153.0,164.0,134.0,156.0,154.0,183.0,142.0,155.0,180.0,228.0,1807.0
Negative Trades,153.0,143.0,162.0,150.0,126.0,155.0,164.0,122.0,142.0,154.0,172.0,1643.0
Total Trades,311.0,296.0,326.0,284.0,282.0,309.0,347.0,264.0,297.0,334.0,400.0,3450.0
Positive Trades Portion,0.5080385852090032,0.5168918918918919,0.5030674846625767,0.47183098591549294,0.5531914893617021,0.49838187702265374,0.5273775216138329,0.5378787878787878,0.5218855218855218,0.5389221556886228,0.57,0.523768115942029
