,Communication,CustomerDiscretionary,CustomerStaples,Energy,Finance,Healthcare,Industrial,Materials,IT,RealEstate,Utilities,All
Positive Trades,154.0,157.0,176.0,136.0,152.0,168.0,164.0,145.0,167.0,191.0,246.0,1856.0
Negative Trades,157.0,139.0,150.0,148.0,130.0,141.0,183.0,119.0,130.0,143.0,154.0,1594.0
Total Trades,311.0,296.0,326.0,284.0,282.0,309.0,347.0,264.0,297.0,334.0,400.0,3450.0
Positive Trades Portion,0.49517684887459806,0.5304054054054054,0.5398773006134969,0.4788732394366197,0.5390070921985816,0.5436893203883495,0.47262247838616717,0.5492424242424242,0.5622895622895623,0.5718562874251497,0.615,0.5379710144927536
