,Communication,CustomerDiscretionary,CustomerStaples,Energy,Finance,Healthcare,Industrial,Materials,IT,RealEstate,Utilities,All
Positive Trades,369.0,472.0,435.0,391.0,388.0,421.0,434.0,372.0,391.0,359.0,478.0,4510.0
Negative Trades,350.0,344.0,387.0,309.0,325.0,389.0,343.0,301.0,378.0,300.0,396.0,3822.0
Total Trades,719.0,816.0,822.0,700.0,713.0,810.0,777.0,673.0,769.0,659.0,874.0,8332.0
Positive Trades Portion,0.5132127955493742,0.5784313725490197,0.5291970802919708,0.5585714285714286,0.544179523141655,0.519753086419753,0.5585585585585585,0.5527488855869243,0.5084525357607282,0.5447647951441578,0.5469107551487414,0.5412866058569371
