,Communication,CustomerDiscretionary,CustomerStaples,Energy,Finance,Healthcare,Industrial,Materials,IT,RealEstate,Utilities,All
Positive Trades,347.0,419.0,409.0,358.0,344.0,397.0,398.0,345.0,369.0,321.0,452.0,4159.0
Negative Trades,372.0,397.0,413.0,342.0,369.0,413.0,379.0,328.0,400.0,338.0,422.0,4173.0
Total Trades,719.0,816.0,822.0,700.0,713.0,810.0,777.0,673.0,769.0,659.0,874.0,8332.0
Positive Trades Portion,0.48261474269819193,0.5134803921568627,0.4975669099756691,0.5114285714285715,0.48246844319775595,0.4901234567901235,0.5122265122265123,0.512630014858841,0.4798439531859558,0.48710166919575115,0.517162471395881,0.49915986557849257
