,Communication,CustomerDiscretionary,CustomerStaples,Energy,Finance,Healthcare,Industrial,Materials,IT,RealEstate,Utilities,All
Positive Trades,351.0,457.0,447.0,382.0,383.0,451.0,447.0,379.0,392.0,365.0,491.0,4545.0
Negative Trades,368.0,359.0,375.0,318.0,330.0,359.0,330.0,294.0,377.0,294.0,383.0,3787.0
Total Trades,719.0,816.0,822.0,700.0,713.0,810.0,777.0,673.0,769.0,659.0,874.0,8332.0
Positive Trades Portion,0.48817802503477054,0.5600490196078431,0.5437956204379562,0.5457142857142857,0.5371669004207573,0.5567901234567901,0.5752895752895753,0.563150074294205,0.5097529258777633,0.5538694992412747,0.5617848970251716,0.5454872779644743
