,Communication,CustomerDiscretionary,CustomerStaples,Energy,Finance,Healthcare,Industrial,Materials,IT,RealEstate,Utilities,All
Positive Trades,357.0,444.0,451.0,375.0,391.0,418.0,423.0,382.0,391.0,368.0,474.0,4474.0
Negative Trades,362.0,372.0,371.0,325.0,322.0,392.0,354.0,291.0,378.0,291.0,400.0,3858.0
Total Trades,719.0,816.0,822.0,700.0,713.0,810.0,777.0,673.0,769.0,659.0,874.0,8332.0
Positive Trades Portion,0.4965229485396384,0.5441176470588235,0.5486618004866181,0.5357142857142857,0.5483870967741935,0.5160493827160494,0.5444015444015444,0.5676077265973254,0.5084525357607282,0.5584218512898331,0.5423340961098398,0.5369659145463274
