,Communication,CustomerDiscretionary,CustomerStaples,Energy,Finance,Healthcare,Industrial,Materials,IT,RealEstate,Utilities,All
Positive Trades,358.0,465.0,447.0,385.0,390.0,453.0,450.0,379.0,410.0,374.0,503.0,4614.0
Negative Trades,361.0,351.0,375.0,315.0,323.0,357.0,327.0,294.0,359.0,285.0,371.0,3718.0
Total Trades,719.0,816.0,822.0,700.0,713.0,810.0,777.0,673.0,769.0,659.0,874.0,8332.0
Positive Trades Portion,0.49791376912378305,0.5698529411764706,0.5437956204379562,0.55,0.5469845722300141,0.5592592592592592,0.5791505791505791,0.563150074294205,0.5331599479843954,0.56752655538695,0.5755148741418764,0.5537686029764762
