,Communication,CustomerDiscretionary,CustomerStaples,Energy,Finance,Healthcare,Industrial,Materials,IT,RealEstate,Utilities,All
Positive Trades,136.0,178.0,178.0,148.0,183.0,192.0,187.0,159.0,171.0,154.0,164.0,1850.0
Negative Trades,117.0,137.0,147.0,116.0,150.0,149.0,146.0,108.0,140.0,117.0,110.0,1437.0
Total Trades,253.0,315.0,325.0,264.0,333.0,341.0,333.0,267.0,311.0,271.0,274.0,3287.0
Positive Trades Portion,0.5375494071146245,0.5650793650793651,0.5476923076923077,0.5606060606060606,0.5495495495495496,0.5630498533724341,0.5615615615615616,0.5955056179775281,0.5498392282958199,0.5682656826568265,0.5985401459854015,0.5628232430787953
