,Communication,CustomerDiscretionary,CustomerStaples,Energy,Finance,Healthcare,Industrial,Materials,IT,RealEstate,Utilities,All
Positive Trades,131.0,182.0,181.0,142.0,188.0,199.0,194.0,155.0,180.0,162.0,159.0,1873.0
Negative Trades,122.0,133.0,144.0,122.0,145.0,142.0,139.0,112.0,131.0,109.0,115.0,1414.0
Total Trades,253.0,315.0,325.0,264.0,333.0,341.0,333.0,267.0,311.0,271.0,274.0,3287.0
Positive Trades Portion,0.5177865612648221,0.5777777777777777,0.556923076923077,0.5378787878787878,0.5645645645645646,0.5835777126099707,0.5825825825825826,0.5805243445692884,0.5787781350482315,0.5977859778597786,0.5802919708029197,0.5698205050197749
