,Communication,CustomerDiscretionary,CustomerStaples,Energy,Finance,Healthcare,Industrial,Materials,IT,RealEstate,Utilities,All
Positive Trades,134.0,184.0,169.0,140.0,182.0,179.0,180.0,149.0,167.0,148.0,157.0,1789.0
Negative Trades,119.0,131.0,156.0,124.0,151.0,162.0,153.0,118.0,144.0,123.0,117.0,1498.0
Total Trades,253.0,315.0,325.0,264.0,333.0,341.0,333.0,267.0,311.0,271.0,274.0,3287.0
Positive Trades Portion,0.5296442687747036,0.5841269841269842,0.52,0.5303030303030303,0.5465465465465466,0.5249266862170088,0.5405405405405406,0.5580524344569289,0.5369774919614148,0.5461254612546126,0.572992700729927,0.5442652874961972
