,Communication,CustomerDiscretionary,CustomerStaples,Energy,Finance,Healthcare,Industrial,Materials,IT,RealEstate,Utilities,All
Positive Trades,122.0,155.0,171.0,120.0,165.0,169.0,165.0,140.0,153.0,129.0,132.0,1621.0
Negative Trades,131.0,160.0,154.0,144.0,168.0,172.0,168.0,127.0,158.0,142.0,142.0,1666.0
Total Trades,253.0,315.0,325.0,264.0,333.0,341.0,333.0,267.0,311.0,271.0,274.0,3287.0
Positive Trades Portion,0.48221343873517786,0.49206349206349204,0.5261538461538462,0.45454545454545453,0.4954954954954955,0.49560117302052786,0.4954954954954955,0.5243445692883895,0.4919614147909968,0.47601476014760147,0.48175182481751827,0.49315485244904167
