,Communication,CustomerDiscretionary,CustomerStaples,Energy,Finance,Healthcare,Industrial,Materials,IT,RealEstate,Utilities,All
Positive Trades,144.0,172.0,160.0,144.0,172.0,163.0,177.0,153.0,161.0,142.0,148.0,1736.0
Negative Trades,109.0,143.0,165.0,120.0,161.0,178.0,156.0,114.0,150.0,129.0,126.0,1551.0
Total Trades,253.0,315.0,325.0,264.0,333.0,341.0,333.0,267.0,311.0,271.0,274.0,3287.0
Positive Trades Portion,0.5691699604743083,0.546031746031746,0.49230769230769234,0.5454545454545454,0.5165165165165165,0.4780058651026393,0.5315315315315315,0.5730337078651685,0.5176848874598071,0.5239852398523985,0.5401459854014599,0.5281411621539398
