,Communication,CustomerDiscretionary,CustomerStaples,Energy,Finance,Healthcare,Industrial,Materials,IT,RealEstate,Utilities,All
Positive Trades,271.0,324.0,277.0,321.0,304.0,335.0,351.0,333.0,285.0,289.0,416.0,3506.0
Negative Trades,257.0,261.0,235.0,284.0,248.0,245.0,308.0,264.0,237.0,239.0,274.0,2852.0
Total Trades,528.0,585.0,512.0,605.0,552.0,580.0,659.0,597.0,522.0,528.0,690.0,6358.0
Positive Trades Portion,0.5132575757575758,0.5538461538461539,0.541015625,0.5305785123966942,0.5507246376811594,0.5775862068965517,0.5326251896813353,0.5577889447236181,0.5459770114942529,0.5473484848484849,0.6028985507246377,0.5514312676942434
