,Communication,CustomerDiscretionary,CustomerStaples,Energy,Finance,Healthcare,Industrial,Materials,IT,RealEstate,Utilities,All
Positive Trades,275.0,330.0,278.0,315.0,305.0,324.0,358.0,356.0,287.0,290.0,405.0,3523.0
Negative Trades,253.0,255.0,234.0,290.0,247.0,256.0,301.0,241.0,235.0,238.0,285.0,2835.0
Total Trades,528.0,585.0,512.0,605.0,552.0,580.0,659.0,597.0,522.0,528.0,690.0,6358.0
Positive Trades Portion,0.5208333333333334,0.5641025641025641,0.54296875,0.5206611570247934,0.552536231884058,0.5586206896551724,0.543247344461305,0.5963149078726968,0.5498084291187739,0.5492424242424242,0.5869565217391305,0.5541050644856873
