,Communication,CustomerDiscretionary,CustomerStaples,Energy,Finance,Healthcare,Industrial,Materials,IT,RealEstate,Utilities,All
Positive Trades,279.0,305.0,286.0,313.0,283.0,313.0,342.0,330.0,269.0,281.0,395.0,3396.0
Negative Trades,249.0,280.0,226.0,292.0,269.0,267.0,317.0,267.0,253.0,247.0,295.0,2962.0
Total Trades,528.0,585.0,512.0,605.0,552.0,580.0,659.0,597.0,522.0,528.0,690.0,6358.0
Positive Trades Portion,0.5284090909090909,0.5213675213675214,0.55859375,0.5173553719008265,0.5126811594202898,0.5396551724137931,0.5189681335356601,0.5527638190954773,0.5153256704980843,0.5321969696969697,0.572463768115942,0.5341302296319598
