,Communication,CustomerDiscretionary,CustomerStaples,Energy,Finance,Healthcare,Industrial,Materials,IT,RealEstate,Utilities,All
Positive Trades,283.0,323.0,287.0,317.0,308.0,326.0,335.0,330.0,296.0,292.0,411.0,3508.0
Negative Trades,245.0,262.0,225.0,288.0,244.0,254.0,324.0,267.0,226.0,236.0,279.0,2850.0
Total Trades,528.0,585.0,512.0,605.0,552.0,580.0,659.0,597.0,522.0,528.0,690.0,6358.0
Positive Trades Portion,0.5359848484848485,0.5521367521367522,0.560546875,0.5239669421487604,0.5579710144927537,0.5620689655172414,0.5083459787556904,0.5527638190954773,0.5670498084291188,0.553030303030303,0.5956521739130435,0.5517458320226486
