,Communication,CustomerDiscretionary,CustomerStaples,Energy,Finance,Healthcare,Industrial,Materials,IT,RealEstate,Utilities,All
Positive Trades,267.0,299.0,259.0,293.0,288.0,304.0,335.0,317.0,263.0,272.0,355.0,3252.0
Negative Trades,261.0,286.0,253.0,312.0,264.0,276.0,324.0,280.0,259.0,256.0,335.0,3106.0
Total Trades,528.0,585.0,512.0,605.0,552.0,580.0,659.0,597.0,522.0,528.0,690.0,6358.0
Positive Trades Portion,0.5056818181818182,0.5111111111111111,0.505859375,0.484297520661157,0.5217391304347826,0.5241379310344828,0.5083459787556904,0.5309882747068677,0.5038314176245211,0.5151515151515151,0.5144927536231884,0.5114815979867883
