,Communication,CustomerDiscretionary,CustomerStaples,Energy,Finance,Healthcare,Industrial,Materials,IT,RealEstate,Utilities,All
Positive Trades,183.0,207.0,236.0,174.0,244.0,225.0,197.0,184.0,244.0,163.0,181.0,2238.0
Negative Trades,158.0,204.0,215.0,185.0,212.0,192.0,187.0,183.0,180.0,132.0,168.0,2016.0
Total Trades,341.0,411.0,451.0,359.0,456.0,417.0,384.0,367.0,424.0,295.0,349.0,4254.0
Positive Trades Portion,0.5366568914956011,0.5036496350364964,0.5232815964523282,0.48467966573816157,0.5350877192982456,0.539568345323741,0.5130208333333334,0.5013623978201635,0.5754716981132075,0.5525423728813559,0.5186246418338109,0.5260930888575458
