,Communication,CustomerDiscretionary,CustomerStaples,Energy,Finance,Healthcare,Industrial,Materials,IT,RealEstate,Utilities,All
Positive Trades,189.0,218.0,240.0,196.0,237.0,232.0,209.0,190.0,225.0,164.0,182.0,2282.0
Negative Trades,152.0,193.0,211.0,163.0,219.0,185.0,175.0,177.0,199.0,131.0,167.0,1972.0
Total Trades,341.0,411.0,451.0,359.0,456.0,417.0,384.0,367.0,424.0,295.0,349.0,4254.0
Positive Trades Portion,0.5542521994134897,0.5304136253041363,0.532150776053215,0.5459610027855153,0.5197368421052632,0.5563549160671463,0.5442708333333334,0.5177111716621253,0.5306603773584906,0.5559322033898305,0.5214899713467048,0.536436295251528
