,Communication,CustomerDiscretionary,CustomerStaples,Energy,Finance,Healthcare,Industrial,Materials,IT,RealEstate,Utilities,All
Positive Trades,204.0,239.0,271.0,204.0,266.0,243.0,234.0,227.0,255.0,174.0,204.0,2521.0
Negative Trades,137.0,172.0,180.0,155.0,190.0,174.0,150.0,140.0,169.0,121.0,145.0,1733.0
Total Trades,341.0,411.0,451.0,359.0,456.0,417.0,384.0,367.0,424.0,295.0,349.0,4254.0
Positive Trades Portion,0.5982404692082112,0.5815085158150851,0.6008869179600886,0.5682451253481894,0.5833333333333334,0.5827338129496403,0.609375,0.6185286103542235,0.6014150943396226,0.5898305084745763,0.5845272206303725,0.5926187118006582
