,Communication,CustomerDiscretionary,CustomerStaples,Energy,Finance,Healthcare,Industrial,Materials,IT,RealEstate,Utilities,All
Positive Trades,212.0,239.0,243.0,212.0,255.0,231.0,231.0,229.0,246.0,176.0,197.0,2471.0
Negative Trades,129.0,172.0,208.0,147.0,201.0,186.0,153.0,138.0,178.0,119.0,152.0,1783.0
Total Trades,341.0,411.0,451.0,359.0,456.0,417.0,384.0,367.0,424.0,295.0,349.0,4254.0
Positive Trades Portion,0.6217008797653959,0.5815085158150851,0.5388026607538803,0.5905292479108635,0.5592105263157895,0.5539568345323741,0.6015625,0.6239782016348774,0.5801886792452831,0.5966101694915255,0.5644699140401146,0.580865068171133
