,Communication,CustomerDiscretionary,CustomerStaples,Energy,Finance,Healthcare,Industrial,Materials,IT,RealEstate,Utilities,All
Positive Trades,204.0,232.0,247.0,202.0,238.0,228.0,217.0,204.0,256.0,170.0,189.0,2387.0
Negative Trades,137.0,179.0,204.0,157.0,218.0,189.0,167.0,163.0,168.0,125.0,160.0,1867.0
Total Trades,341.0,411.0,451.0,359.0,456.0,417.0,384.0,367.0,424.0,295.0,349.0,4254.0
Positive Trades Portion,0.5982404692082112,0.5644768856447688,0.5476718403547672,0.5626740947075209,0.5219298245614035,0.5467625899280576,0.5651041666666666,0.555858310626703,0.6037735849056604,0.576271186440678,0.5415472779369628,0.5611189468735308
