,Communication,CustomerDiscretionary,CustomerStaples,Energy,Finance,Healthcare,Industrial,Materials,IT,RealEstate,Utilities,All
Positive Trades,197.0,204.0,201.0,184.0,186.0,199.0,208.0,190.0,174.0,176.0,259.0,2178.0
Negative Trades,169.0,172.0,189.0,170.0,149.0,187.0,206.0,165.0,153.0,123.0,187.0,1870.0
Total Trades,366.0,376.0,390.0,354.0,335.0,386.0,414.0,355.0,327.0,299.0,446.0,4048.0
Positive Trades Portion,0.5382513661202186,0.5425531914893617,0.5153846153846153,0.519774011299435,0.5552238805970149,0.5155440414507773,0.5024154589371981,0.5352112676056338,0.5321100917431193,0.5886287625418061,0.5807174887892377,0.5380434782608695
