,Communication,CustomerDiscretionary,CustomerStaples,Energy,Finance,Healthcare,Industrial,Materials,IT,RealEstate,Utilities,All
Positive Trades,185.0,188.0,197.0,168.0,155.0,187.0,205.0,172.0,179.0,151.0,245.0,2032.0
Negative Trades,181.0,188.0,193.0,186.0,180.0,199.0,209.0,183.0,148.0,148.0,201.0,2016.0
Total Trades,366.0,376.0,390.0,354.0,335.0,386.0,414.0,355.0,327.0,299.0,446.0,4048.0
Positive Trades Portion,0.505464480874317,0.5,0.5051282051282051,0.4745762711864407,0.4626865671641791,0.4844559585492228,0.49516908212560384,0.48450704225352115,0.5474006116207951,0.5050167224080268,0.5493273542600897,0.5019762845849802
