,Communication,CustomerDiscretionary,CustomerStaples,Energy,Finance,Healthcare,Industrial,Materials,IT,RealEstate,Utilities,All
Positive Trades,193.0,193.0,210.0,190.0,184.0,205.0,215.0,194.0,182.0,160.0,267.0,2193.0
Negative Trades,173.0,183.0,180.0,164.0,151.0,181.0,199.0,161.0,145.0,139.0,179.0,1855.0
Total Trades,366.0,376.0,390.0,354.0,335.0,386.0,414.0,355.0,327.0,299.0,446.0,4048.0
Positive Trades Portion,0.5273224043715847,0.5132978723404256,0.5384615384615384,0.536723163841808,0.5492537313432836,0.5310880829015544,0.5193236714975845,0.5464788732394367,0.5565749235474006,0.5351170568561873,0.5986547085201793,0.5417490118577075
