,Communication,CustomerDiscretionary,CustomerStaples,Energy,Finance,Healthcare,Industrial,Materials,IT,RealEstate,Utilities,All
Positive Trades,189.0,204.0,209.0,204.0,181.0,208.0,221.0,198.0,180.0,176.0,266.0,2236.0
Negative Trades,177.0,172.0,181.0,150.0,154.0,178.0,193.0,157.0,147.0,123.0,180.0,1812.0
Total Trades,366.0,376.0,390.0,354.0,335.0,386.0,414.0,355.0,327.0,299.0,446.0,4048.0
Positive Trades Portion,0.5163934426229508,0.5425531914893617,0.5358974358974359,0.576271186440678,0.5402985074626866,0.538860103626943,0.533816425120773,0.5577464788732395,0.5504587155963303,0.5886287625418061,0.5964125560538116,0.5523715415019763
