,Communication,CustomerDiscretionary,CustomerStaples,Energy,Finance,Healthcare,Industrial,Materials,IT,RealEstate,Utilities,All
Positive Trades,72.0,71.0,74.0,70.0,73.0,74.0,83.0,71.0,68.0,64.0,67.0,787.0
Negative Trades,62.0,66.0,67.0,62.0,76.0,74.0,72.0,48.0,67.0,44.0,52.0,690.0
Total Trades,134.0,137.0,141.0,132.0,149.0,148.0,155.0,119.0,135.0,108.0,119.0,1477.0
Positive Trades Portion,0.5373134328358209,0.5182481751824818,0.524822695035461,0.5303030303030303,0.4899328859060403,0.5,0.535483870967742,0.5966386554621849,0.5037037037037037,0.5925925925925926,0.5630252100840336,0.5328368314150305
