,Communication,CustomerDiscretionary,CustomerStaples,Energy,Finance,Healthcare,Industrial,Materials,IT,RealEstate,Utilities,All
Positive Trades,45.0,40.0,40.0,52.0,45.0,41.0,60.0,45.0,71.0,36.0,38.0,513.0
Negative Trades,33.0,36.0,35.0,50.0,32.0,40.0,50.0,30.0,51.0,30.0,44.0,431.0
Total Trades,78.0,76.0,75.0,102.0,77.0,81.0,110.0,75.0,122.0,66.0,82.0,944.0
Positive Trades Portion,0.5769230769230769,0.5263157894736842,0.5333333333333333,0.5098039215686274,0.5844155844155844,0.5061728395061729,0.5454545454545454,0.6,0.5819672131147541,0.5454545454545454,0.4634146341463415,0.5434322033898306
