,Communication,CustomerDiscretionary,CustomerStaples,Energy,Finance,Healthcare,Industrial,Materials,IT,RealEstate,Utilities,All
Positive Trades,41.0,36.0,44.0,52.0,45.0,45.0,60.0,45.0,67.0,38.0,41.0,514.0
Negative Trades,37.0,40.0,31.0,50.0,32.0,36.0,50.0,30.0,55.0,28.0,41.0,430.0
Total Trades,78.0,76.0,75.0,102.0,77.0,81.0,110.0,75.0,122.0,66.0,82.0,944.0
Positive Trades Portion,0.5256410256410257,0.47368421052631576,0.5866666666666667,0.5098039215686274,0.5844155844155844,0.5555555555555556,0.5454545454545454,0.6,0.5491803278688525,0.5757575757575758,0.5,0.5444915254237288
