,Communication,CustomerDiscretionary,CustomerStaples,Energy,Finance,Healthcare,Industrial,Materials,IT,RealEstate,Utilities,All
Positive Trades,39.0,41.0,37.0,49.0,42.0,36.0,62.0,41.0,64.0,33.0,43.0,487.0
Negative Trades,39.0,35.0,38.0,53.0,35.0,45.0,48.0,34.0,58.0,33.0,39.0,457.0
Total Trades,78.0,76.0,75.0,102.0,77.0,81.0,110.0,75.0,122.0,66.0,82.0,944.0
Positive Trades Portion,0.5,0.5394736842105263,0.49333333333333335,0.4803921568627451,0.5454545454545454,0.4444444444444444,0.5636363636363636,0.5466666666666666,0.5245901639344263,0.5,0.524390243902439,0.5158898305084746
