,Communication,CustomerDiscretionary,CustomerStaples,Energy,Finance,Healthcare,Industrial,Materials,IT,RealEstate,Utilities,All
Positive Trades,37.0,46.0,40.0,52.0,51.0,41.0,55.0,42.0,67.0,36.0,37.0,504.0
Negative Trades,41.0,30.0,35.0,50.0,26.0,40.0,55.0,33.0,55.0,30.0,45.0,440.0
Total Trades,78.0,76.0,75.0,102.0,77.0,81.0,110.0,75.0,122.0,66.0,82.0,944.0
Positive Trades Portion,0.47435897435897434,0.6052631578947368,0.5333333333333333,0.5098039215686274,0.6623376623376623,0.5061728395061729,0.5,0.56,0.5491803278688525,0.5454545454545454,0.45121951219512196,0.5338983050847458
