,Communication,CustomerDiscretionary,CustomerStaples,Energy,Finance,Healthcare,Industrial,Materials,IT,RealEstate,Utilities,All
Positive Trades,30.0,40.0,39.0,43.0,33.0,41.0,48.0,33.0,56.0,26.0,34.0,423.0
Negative Trades,48.0,36.0,36.0,59.0,44.0,40.0,62.0,42.0,66.0,40.0,48.0,521.0
Total Trades,78.0,76.0,75.0,102.0,77.0,81.0,110.0,75.0,122.0,66.0,82.0,944.0
Positive Trades Portion,0.38461538461538464,0.5263157894736842,0.52,0.4215686274509804,0.42857142857142855,0.5061728395061729,0.43636363636363634,0.44,0.45901639344262296,0.3939393939393939,0.4146341463414634,0.4480932203389831
