,Communication,CustomerDiscretionary,CustomerStaples,Energy,Finance,Healthcare,Industrial,Materials,IT,RealEstate,Utilities,All
Positive Trades,15.0,23.0,11.0,20.0,25.0,18.0,21.0,30.0,20.0,19.0,20.0,222.0
Negative Trades,16.0,14.0,20.0,24.0,19.0,17.0,18.0,16.0,18.0,11.0,13.0,186.0
Total Trades,31.0,37.0,31.0,44.0,44.0,35.0,39.0,46.0,38.0,30.0,33.0,408.0
Positive Trades Portion,0.4838709677419355,0.6216216216216216,0.3548387096774194,0.45454545454545453,0.5681818181818182,0.5142857142857142,0.5384615384615384,0.6521739130434783,0.5263157894736842,0.6333333333333333,0.6060606060606061,0.5441176470588235
