,Communication,CustomerDiscretionary,CustomerStaples,Energy,Finance,Healthcare,Industrial,Materials,IT,RealEstate,Utilities,All
Positive Trades,11.0,23.0,11.0,23.0,24.0,20.0,23.0,28.0,20.0,16.0,18.0,217.0
Negative Trades,20.0,14.0,20.0,21.0,20.0,15.0,16.0,18.0,18.0,14.0,15.0,191.0
Total Trades,31.0,37.0,31.0,44.0,44.0,35.0,39.0,46.0,38.0,30.0,33.0,408.0
Positive Trades Portion,0.3548387096774194,0.6216216216216216,0.3548387096774194,0.5227272727272727,0.5454545454545454,0.5714285714285714,0.5897435897435898,0.6086956521739131,0.5263157894736842,0.5333333333333333,0.5454545454545454,0.5318627450980392
