,Communication,CustomerDiscretionary,CustomerStaples,Energy,Finance,Healthcare,Industrial,Materials,IT,RealEstate,Utilities,All
Positive Trades,12.0,24.0,15.0,19.0,18.0,22.0,20.0,20.0,20.0,19.0,18.0,207.0
Negative Trades,19.0,13.0,16.0,25.0,26.0,13.0,19.0,26.0,18.0,11.0,15.0,201.0
Total Trades,31.0,37.0,31.0,44.0,44.0,35.0,39.0,46.0,38.0,30.0,33.0,408.0
Positive Trades Portion,0.3870967741935484,0.6486486486486487,0.4838709677419355,0.4318181818181818,0.4090909090909091,0.6285714285714286,0.5128205128205128,0.43478260869565216,0.5263157894736842,0.6333333333333333,0.5454545454545454,0.5073529411764706
