,Communication,CustomerDiscretionary,CustomerStaples,Energy,Finance,Healthcare,Industrial,Materials,IT,RealEstate,Utilities,All
Positive Trades,16.0,16.0,15.0,19.0,21.0,18.0,17.0,20.0,17.0,17.0,16.0,192.0
Negative Trades,15.0,21.0,16.0,25.0,23.0,17.0,22.0,26.0,21.0,13.0,17.0,216.0
Total Trades,31.0,37.0,31.0,44.0,44.0,35.0,39.0,46.0,38.0,30.0,33.0,408.0
Positive Trades Portion,0.5161290322580645,0.43243243243243246,0.4838709677419355,0.4318181818181818,0.4772727272727273,0.5142857142857142,0.4358974358974359,0.43478260869565216,0.4473684210526316,0.5666666666666667,0.48484848484848486,0.47058823529411764
