,Communication,CustomerDiscretionary,CustomerStaples,Energy,Finance,Healthcare,Industrial,Materials,IT,RealEstate,Utilities,All
Positive Trades,14.0,23.0,14.0,22.0,29.0,24.0,23.0,27.0,23.0,21.0,21.0,241.0
Negative Trades,17.0,14.0,17.0,22.0,15.0,11.0,16.0,19.0,15.0,9.0,12.0,167.0
Total Trades,31.0,37.0,31.0,44.0,44.0,35.0,39.0,46.0,38.0,30.0,33.0,408.0
Positive Trades Portion,0.45161290322580644,0.6216216216216216,0.45161290322580644,0.5,0.6590909090909091,0.6857142857142857,0.5897435897435898,0.5869565217391305,0.6052631578947368,0.7,0.6363636363636364,0.5906862745098039
