,Communication,CustomerDiscretionary,CustomerStaples,Energy,Finance,Healthcare,Industrial,Materials,IT,RealEstate,Utilities,All
Positive Trades,52.0,54.0,55.0,42.0,53.0,36.0,62.0,43.0,56.0,37.0,57.0,547.0
Negative Trades,37.0,50.0,34.0,37.0,48.0,35.0,46.0,30.0,47.0,32.0,41.0,437.0
Total Trades,89.0,104.0,89.0,79.0,101.0,71.0,108.0,73.0,103.0,69.0,98.0,984.0
Positive Trades Portion,0.5842696629213483,0.5192307692307693,0.6179775280898876,0.5316455696202531,0.5247524752475248,0.5070422535211268,0.5740740740740741,0.589041095890411,0.5436893203883495,0.5362318840579711,0.5816326530612245,0.5558943089430894
