,Communication,CustomerDiscretionary,CustomerStaples,Energy,Finance,Healthcare,Industrial,Materials,IT,RealEstate,Utilities,All
Positive Trades,51.0,58.0,48.0,41.0,52.0,30.0,59.0,43.0,59.0,39.0,56.0,536.0
Negative Trades,38.0,46.0,41.0,38.0,49.0,41.0,49.0,30.0,44.0,30.0,42.0,448.0
Total Trades,89.0,104.0,89.0,79.0,101.0,71.0,108.0,73.0,103.0,69.0,98.0,984.0
Positive Trades Portion,0.5730337078651685,0.5576923076923077,0.5393258426966292,0.5189873417721519,0.5148514851485149,0.4225352112676056,0.5462962962962963,0.589041095890411,0.5728155339805825,0.5652173913043478,0.5714285714285714,0.5447154471544715
