,Communication,CustomerDiscretionary,CustomerStaples,Energy,Finance,Healthcare,Industrial,Materials,IT,RealEstate,Utilities,All
Positive Trades,49.0,55.0,50.0,40.0,45.0,35.0,62.0,35.0,53.0,37.0,52.0,513.0
Negative Trades,40.0,49.0,39.0,39.0,56.0,36.0,46.0,38.0,50.0,32.0,46.0,471.0
Total Trades,89.0,104.0,89.0,79.0,101.0,71.0,108.0,73.0,103.0,69.0,98.0,984.0
Positive Trades Portion,0.550561797752809,0.5288461538461539,0.5617977528089888,0.5063291139240507,0.44554455445544555,0.49295774647887325,0.5740740740740741,0.4794520547945205,0.5145631067961165,0.5362318840579711,0.5306122448979592,0.5213414634146342
