,Communication,CustomerDiscretionary,CustomerStaples,Energy,Finance,Healthcare,Industrial,Materials,IT,RealEstate,Utilities,All
Positive Trades,42.0,56.0,39.0,45.0,45.0,40.0,53.0,36.0,53.0,32.0,48.0,489.0
Negative Trades,47.0,48.0,50.0,34.0,56.0,31.0,55.0,37.0,50.0,37.0,50.0,495.0
Total Trades,89.0,104.0,89.0,79.0,101.0,71.0,108.0,73.0,103.0,69.0,98.0,984.0
Positive Trades Portion,0.47191011235955055,0.5384615384615384,0.43820224719101125,0.569620253164557,0.44554455445544555,0.5633802816901409,0.49074074074074076,0.4931506849315068,0.5145631067961165,0.463768115942029,0.4897959183673469,0.4969512195121951
