,Communication,CustomerDiscretionary,CustomerStaples,Energy,Finance,Healthcare,Industrial,Materials,IT,RealEstate,Utilities,All
Positive Trades,43.0,50.0,40.0,42.0,45.0,41.0,55.0,35.0,50.0,31.0,49.0,481.0
Negative Trades,46.0,54.0,49.0,37.0,56.0,30.0,53.0,38.0,53.0,38.0,49.0,503.0
Total Trades,89.0,104.0,89.0,79.0,101.0,71.0,108.0,73.0,103.0,69.0,98.0,984.0
Positive Trades Portion,0.48314606741573035,0.4807692307692308,0.449438202247191,0.5316455696202531,0.44554455445544555,0.5774647887323944,0.5092592592592593,0.4794520547945205,0.4854368932038835,0.4492753623188406,0.5,0.4888211382113821
